"","cnt","testrmse2"
"1",1,0.239271980787176
"2",2,0.239271980787176
"3",3,0.239271980787176
"4",4,0.239271980787176
"5",5,0.239271980787176
"6",6,0.239271980787176
"7",7,0.239271980787176
