"","maxwords","testrmse2"
"1",5000,0.239101894088242
"2",6000,0.23916199723048
"3",7000,0.239173830492043
"4",8000,0.239204060038356
"5",9000,0.2392102711814
"6",10000,0.239219849660072
"7",11000,0.239239196612847
"8",12000,0.239263856890063
"9",13000,0.239274341157504
"10",14000,0.239280821931767
"11",15000,0.239290127808401
