"","maxwords","testrmse2"
"1",5000,0.235843142852125
"2",6000,0.23568151177971
"3",7000,0.235565173919328
"4",8000,0.235490753190309
"5",9000,0.235478599611912
"6",10000,0.235449840841704
"7",11000,0.235396492749056
"8",12000,0.235410270826917
"9",13000,0.235371097476302
"10",14000,0.235345686936852
"11",15000,0.235358563904832
